,PERIOD,PRIMARY_LABEL,VALUE_ETH
0,2020-12-01T00:00:00Z,3. Surplus,0.0
1,2020-12-02T00:00:00Z,3. Surplus,0.0
2,2020-12-03T00:00:00Z,3. Surplus,0.0
3,2020-12-04T00:00:00Z,3. Surplus,0.0
4,2020-12-05T00:00:00Z,3. Surplus,0.0
5,2020-12-06T00:00:00Z,3. Surplus,0.0
6,2020-12-07T00:00:00Z,3. Surplus,0.0
7,2020-12-08T00:00:00Z,3. Surplus,0.0
8,2020-12-09T00:00:00Z,3. Surplus,0.0
9,2020-12-10T00:00:00Z,3. Surplus,0.0
10,2020-12-11T00:00:00Z,3. Surplus,0.0
11,2020-12-12T00:00:00Z,3. Surplus,0.0
12,2020-12-13T00:00:00Z,3. Surplus,0.0
13,2020-12-14T00:00:00Z,3. Surplus,0.0
14,2020-12-15T00:00:00Z,3. Surplus,0.0
15,2020-12-16T00:00:00Z,3. Surplus,0.0
16,2020-12-17T00:00:00Z,3. Surplus,0.5730319967570527
17,2020-12-18T00:00:00Z,3. Surplus,0.0397231881878993
18,2020-12-19T00:00:00Z,3. Surplus,-0.0072582879944683
19,2020-12-20T00:00:00Z,3. Surplus,0.0182456551002905
20,2020-12-21T00:00:00Z,3. Surplus,0.0259448175155368
21,2020-12-22T00:00:00Z,3. Surplus,-0.0206649459806829
22,2020-12-23T00:00:00Z,3. Surplus,0.048343335146251
23,2020-12-24T00:00:00Z,3. Surplus,-0.0281748252405674
24,2020-12-25T00:00:00Z,3. Surplus,-0.014031283293431
25,2020-12-26T00:00:00Z,3. Surplus,-0.0083880262309214
26,2020-12-27T00:00:00Z,3. Surplus,-0.0442773029572695
27,2020-12-28T00:00:00Z,3. Surplus,-0.030704087913724
28,2020-12-29T00:00:00Z,3. Surplus,-0.0021092045150142
29,2020-12-30T00:00:00Z,3. Surplus,-0.0102162840400946
30,2020-12-31T00:00:00Z,3. Surplus,0.0055293696047797
31,2021-01-01T00:00:00Z,3. Surplus,0.0067038522257168
32,2021-01-02T00:00:00Z,3. Surplus,-0.0286964457540516
33,2021-01-03T00:00:00Z,3. Surplus,-0.1030831531365041
34,2021-01-04T00:00:00Z,3. Surplus,-0.0178187026476174
35,2021-01-05T00:00:00Z,3. Surplus,-0.019349036422238
36,2021-01-06T00:00:00Z,3. Surplus,-0.0274617089637631
37,2021-01-07T00:00:00Z,3. Surplus,-0.004577845372943
38,2021-01-08T00:00:00Z,3. Surplus,-0.0005710720989477
39,2021-01-09T00:00:00Z,3. Surplus,-0.0162472086939242
40,2021-01-10T00:00:00Z,3. Surplus,0.0048356618937153
41,2021-01-11T00:00:00Z,3. Surplus,0.0491597204313103
42,2021-01-12T00:00:00Z,3. Surplus,0.0140639310560972
43,2021-01-13T00:00:00Z,3. Surplus,-0.0262376182035988
44,2021-01-14T00:00:00Z,3. Surplus,-0.0250166459361027
45,2021-01-15T00:00:00Z,3. Surplus,0.0118289499439489
46,2021-01-16T00:00:00Z,3. Surplus,-0.0161243734640311
47,2021-01-17T00:00:00Z,3. Surplus,0.0007813869521572
48,2021-01-18T00:00:00Z,3. Surplus,-0.0064177528520932
49,2021-01-19T00:00:00Z,3. Surplus,-0.02654488604789
50,2021-01-20T00:00:00Z,3. Surplus,0.0023608655500797
51,2021-01-21T00:00:00Z,3. Surplus,0.0577426406100394
52,2021-01-22T00:00:00Z,3. Surplus,-0.0279103555888479
53,2021-01-23T00:00:00Z,3. Surplus,0.0012973277844436
54,2021-01-24T00:00:00Z,3. Surplus,-0.0337500477748359
55,2021-01-25T00:00:00Z,3. Surplus,0.0125943661288543
56,2021-01-26T00:00:00Z,3. Surplus,-0.006549158760809
57,2021-01-27T00:00:00Z,3. Surplus,0.0245975336266981
58,2021-01-28T00:00:00Z,3. Surplus,-0.0205173320502014
59,2021-01-29T00:00:00Z,3. Surplus,-0.010134492955539
60,2021-01-30T00:00:00Z,3. Surplus,0.0013431425367672
61,2021-01-31T00:00:00Z,3. Surplus,0.0126544498097058
62,2021-02-01T00:00:00Z,3. Surplus,-0.0100847078368878
63,2021-02-02T00:00:00Z,3. Surplus,-0.0274795428611021
64,2021-02-03T00:00:00Z,3. Surplus,-0.0195915981724938
65,2021-02-04T00:00:00Z,3. Surplus,0.0081092552048437
66,2021-02-05T00:00:00Z,3. Surplus,-0.0162532331903175
67,2021-02-06T00:00:00Z,3. Surplus,0.0053788850702059
68,2021-02-07T00:00:00Z,3. Surplus,0.0083058766473267
69,2021-02-08T00:00:00Z,3. Surplus,-0.0160889359431673
70,2021-02-09T00:00:00Z,3. Surplus,-0.0032515122948729
71,2021-02-10T00:00:00Z,3. Surplus,0.0029463075900416
72,2021-02-11T00:00:00Z,3. Surplus,-0.0045419180318017
73,2021-02-12T00:00:00Z,3. Surplus,-0.0064847488265244
74,2021-02-13T00:00:00Z,3. Surplus,0.0026884973991184
75,2021-02-14T00:00:00Z,3. Surplus,-14.727438493708847
76,2021-02-15T00:00:00Z,3. Surplus,0.0033909641921334
77,2021-02-16T00:00:00Z,3. Surplus,-0.0003081031885938
78,2021-02-17T00:00:00Z,3. Surplus,-0.0074197083300999
79,2021-02-18T00:00:00Z,3. Surplus,-0.0084283869848351
80,2021-02-19T00:00:00Z,3. Surplus,-0.003027890125887
81,2021-02-20T00:00:00Z,3. Surplus,0.0039575478082342
82,2021-02-21T00:00:00Z,3. Surplus,-0.0010154385389162
83,2021-02-22T00:00:00Z,3. Surplus,0.0168633437526302
84,2021-02-23T00:00:00Z,3. Surplus,0.0284212570413835
85,2021-02-24T00:00:00Z,3. Surplus,-0.0094157870887911
86,2021-02-25T00:00:00Z,3. Surplus,0.0222933342937775
87,2021-02-26T00:00:00Z,3. Surplus,0.0059278552478571
88,2021-02-27T00:00:00Z,3. Surplus,-0.0037014914422307
89,2021-02-28T00:00:00Z,3. Surplus,0.0087824772858553
90,2021-03-01T00:00:00Z,3. Surplus,-0.0250018056674198
91,2021-03-02T00:00:00Z,3. Surplus,0.0122745682989986
92,2021-03-03T00:00:00Z,3. Surplus,-0.0144668381843823
93,2021-03-04T00:00:00Z,3. Surplus,0.006533656455616
94,2021-03-05T00:00:00Z,3. Surplus,0.0008731877030936
95,2021-03-06T00:00:00Z,3. Surplus,-0.0186221830881055
96,2021-03-07T00:00:00Z,3. Surplus,-0.0086021200690561
97,2021-03-08T00:00:00Z,3. Surplus,-0.0117781717988103
98,2021-03-09T00:00:00Z,3. Surplus,-0.0036823525084227
99,2021-03-10T00:00:00Z,3. Surplus,0.0072345775123512
100,2021-03-11T00:00:00Z,3. Surplus,-0.0026028937923116
101,2021-03-12T00:00:00Z,3. Surplus,0.0059863270782899
102,2021-03-13T00:00:00Z,3. Surplus,-0.017062132778909
103,2021-03-14T00:00:00Z,3. Surplus,0.0055805438993537
104,2021-03-15T00:00:00Z,3. Surplus,0.0093925566941786
105,2021-03-16T00:00:00Z,3. Surplus,-0.0009551292444073
106,2021-03-17T00:00:00Z,3. Surplus,-0.0027584770755151
107,2021-03-18T00:00:00Z,3. Surplus,0.0046597805227699
108,2021-03-19T00:00:00Z,3. Surplus,-0.003885158722025
109,2021-03-20T00:00:00Z,3. Surplus,2.7904105266760568e-05
110,2021-03-21T00:00:00Z,3. Surplus,0.0033093837543723
111,2021-03-22T00:00:00Z,3. Surplus,0.0111847108350637
112,2021-03-23T00:00:00Z,3. Surplus,0.002048460373212
113,2021-03-24T00:00:00Z,3. Surplus,0.0114665521786022
114,2021-03-25T00:00:00Z,3. Surplus,0.0004202274080256
115,2021-03-26T00:00:00Z,3. Surplus,-0.0144424990119556
116,2021-03-27T00:00:00Z,3. Surplus,-0.0029677615027849
117,2021-03-28T00:00:00Z,3. Surplus,0.0043970042384551
118,2021-03-29T00:00:00Z,3. Surplus,-0.0155283038400219
119,2021-03-30T00:00:00Z,3. Surplus,-0.0027849407146751
120,2021-03-31T00:00:00Z,3. Surplus,-0.0083654762405094
121,2021-04-01T00:00:00Z,3. Surplus,-0.00501524163504
122,2021-04-02T00:00:00Z,3. Surplus,-0.0138736081965483
123,2021-04-03T00:00:00Z,3. Surplus,0.0095836932409868
124,2021-04-04T00:00:00Z,3. Surplus,-0.0050387144158298
125,2021-04-05T00:00:00Z,3. Surplus,-0.0038784578067114
126,2021-04-06T00:00:00Z,3. Surplus,-0.0006286390009622
127,2021-04-07T00:00:00Z,3. Surplus,0.0135900221871576
128,2021-04-08T00:00:00Z,3. Surplus,-0.0089606916950328
129,2021-04-09T00:00:00Z,3. Surplus,0.0007477944874207
130,2021-04-10T00:00:00Z,3. Surplus,-0.0056212559897834
131,2021-04-11T00:00:00Z,3. Surplus,-0.0007138129020373
132,2021-04-12T00:00:00Z,3. Surplus,0.000158699172861
133,2021-04-13T00:00:00Z,3. Surplus,-0.0115957348892701
134,2021-04-14T00:00:00Z,3. Surplus,-0.008229062488084
135,2021-04-15T00:00:00Z,3. Surplus,-0.0055733069998923
136,2021-04-16T00:00:00Z,3. Surplus,0.0047914083841337
137,2021-04-17T00:00:00Z,3. Surplus,0.0052911935856568
138,2021-04-18T00:00:00Z,3. Surplus,0.0077924600424895
139,2021-04-19T00:00:00Z,3. Surplus,0.004928197571514
140,2021-04-20T00:00:00Z,3. Surplus,-0.0109837200212283
141,2021-04-21T00:00:00Z,3. Surplus,-0.0028647425339194
142,2021-04-22T00:00:00Z,3. Surplus,-30.99010547296508
143,2021-04-23T00:00:00Z,3. Surplus,0.0033905213482844
144,2021-04-24T00:00:00Z,3. Surplus,0.0101849373841299
145,2021-04-25T00:00:00Z,3. Surplus,-0.006282530606474
146,2021-04-26T00:00:00Z,3. Surplus,-0.0139163416104689
147,2021-04-27T00:00:00Z,3. Surplus,-0.0066965316647997
148,2021-04-28T00:00:00Z,3. Surplus,-0.0050369680164105
149,2021-04-29T00:00:00Z,3. Surplus,-0.0005151214910686
150,2021-04-30T00:00:00Z,3. Surplus,-0.0007863004217124527
151,2021-05-01T00:00:00Z,3. Surplus,-0.007957675653167653
152,2021-05-02T00:00:00Z,3. Surplus,149.99997442375226
153,2021-05-03T00:00:00Z,3. Surplus,1408.9826071242717
154,2021-05-04T00:00:00Z,3. Surplus,1471.0062310823503
155,2021-05-05T00:00:00Z,3. Surplus,15134.99103167157
156,2021-05-06T00:00:00Z,3. Surplus,165.00056070471751
157,2021-05-07T00:00:00Z,3. Surplus,1088.0004341380288
158,2021-05-08T00:00:00Z,3. Surplus,85.98887427316917
159,2021-05-09T00:00:00Z,3. Surplus,-0.0005355174089923118
160,2021-05-10T00:00:00Z,3. Surplus,1711.9990955912644
161,2021-05-11T00:00:00Z,3. Surplus,-0.004428731142041905
162,2021-05-12T00:00:00Z,3. Surplus,50.00484563241732
163,2021-05-13T00:00:00Z,3. Surplus,0.005869090054184165
164,2021-05-14T00:00:00Z,3. Surplus,-0.009048942146515717
165,2021-05-15T00:00:00Z,3. Surplus,0.011114581456025053
166,2021-05-16T00:00:00Z,3. Surplus,0.0017581179916687064
167,2021-05-17T00:00:00Z,3. Surplus,0.009129946282028671
168,2021-05-18T00:00:00Z,3. Surplus,1.9962974114026952
169,2021-05-19T00:00:00Z,3. Surplus,10.03960548111028
170,2021-05-20T00:00:00Z,3. Surplus,-0.01503422676420844
171,2021-05-21T00:00:00Z,3. Surplus,20.02006560531783
172,2021-05-22T00:00:00Z,3. Surplus,0.006393555570208329
173,2021-05-23T00:00:00Z,3. Surplus,0.013982717516544594
174,2021-05-24T00:00:00Z,3. Surplus,-0.03405861929860737
175,2021-05-25T00:00:00Z,3. Surplus,-0.0027124467877998357
176,2021-05-26T00:00:00Z,3. Surplus,-0.008596971849615505
177,2021-05-27T00:00:00Z,3. Surplus,0.005602452036676759
178,2021-05-28T00:00:00Z,3. Surplus,0.017837273062213523
179,2021-05-29T00:00:00Z,3. Surplus,0.00920879331434634
180,2021-05-30T00:00:00Z,3. Surplus,-0.0070784489743077
181,2021-05-31T00:00:00Z,3. Surplus,-0.01768643247108142
182,2021-06-01T00:00:00Z,3. Surplus,0.0037253525115266946
183,2021-06-02T00:00:00Z,3. Surplus,-0.004273990173926682
184,2021-06-03T00:00:00Z,3. Surplus,-0.007140056381927934
185,2021-06-04T00:00:00Z,3. Surplus,0.008235827742387247
186,2021-06-05T00:00:00Z,3. Surplus,0.004399774361481237
187,2021-06-06T00:00:00Z,3. Surplus,-0.004839928371935124
188,2021-06-07T00:00:00Z,3. Surplus,0.0060639409374376235
189,2021-06-08T00:00:00Z,3. Surplus,0.0038334854033764236
190,2021-06-09T00:00:00Z,3. Surplus,-0.0048262521417963946
191,2021-06-10T00:00:00Z,3. Surplus,0.006951757478207329
192,2021-06-11T00:00:00Z,3. Surplus,0.007855086472534259
193,2021-06-12T00:00:00Z,3. Surplus,-0.0012674506366555
194,2021-06-13T00:00:00Z,3. Surplus,-0.007423103198456835
195,2021-06-14T00:00:00Z,3. Surplus,-0.0036851012995875653
196,2021-06-15T00:00:00Z,3. Surplus,0.00029019659301141823
197,2021-06-16T00:00:00Z,3. Surplus,0.012021465669464017
198,2021-06-17T00:00:00Z,3. Surplus,-0.0011130780517298118
199,2021-06-18T00:00:00Z,3. Surplus,0.010551212536288289
200,2021-06-19T00:00:00Z,3. Surplus,0.003988924030687589
201,2021-06-20T00:00:00Z,3. Surplus,-0.005213504691171758
202,2021-06-21T00:00:00Z,3. Surplus,0.030250095226036066
203,2021-06-22T00:00:00Z,3. Surplus,0.0029027111183772235
204,2021-06-23T00:00:00Z,3. Surplus,-0.0103347382331229
205,2021-06-24T00:00:00Z,3. Surplus,-0.0021487804867757945
206,2021-06-25T00:00:00Z,3. Surplus,0.016311326178275378
207,2021-06-26T00:00:00Z,3. Surplus,0.00230071915954574
208,2021-06-27T00:00:00Z,3. Surplus,-0.01607712351648719
209,2021-06-28T00:00:00Z,3. Surplus,-0.010575738973368628
210,2021-06-29T00:00:00Z,3. Surplus,-0.0071219863026464455
211,2021-06-30T00:00:00Z,3. Surplus,-0.007914006278663305
212,2021-07-01T00:00:00Z,3. Surplus,0.011757416376295295
213,2021-07-02T00:00:00Z,3. Surplus,-0.0023501749370194182
214,2021-07-03T00:00:00Z,3. Surplus,-0.005217963587664111
215,2021-07-04T00:00:00Z,3. Surplus,-0.007894628883596159
216,2021-07-05T00:00:00Z,3. Surplus,0.008102838817074293
217,2021-07-06T00:00:00Z,3. Surplus,-0.007637690957329552
218,2021-07-07T00:00:00Z,3. Surplus,0.00011625310734976008
219,2021-07-08T00:00:00Z,3. Surplus,0.014521641354265718
220,2021-07-09T00:00:00Z,3. Surplus,-0.002595898485514084
221,2021-07-10T00:00:00Z,3. Surplus,0.0030033714867618126
222,2021-07-11T00:00:00Z,3. Surplus,-0.0015482122516208819
223,2021-07-12T00:00:00Z,3. Surplus,0.008736772637605129
224,2021-07-13T00:00:00Z,3. Surplus,0.008869619131361705
225,2021-07-14T00:00:00Z,3. Surplus,-0.005382158598067918
226,2021-07-15T00:00:00Z,3. Surplus,0.008499309952644155
227,2021-07-16T00:00:00Z,3. Surplus,-11.219428272455955
228,2021-07-17T00:00:00Z,3. Surplus,-0.002421482017162011
229,2021-07-18T00:00:00Z,3. Surplus,-0.00010014047857577635
230,2021-07-19T00:00:00Z,3. Surplus,0.00847372460894047
231,2021-07-20T00:00:00Z,3. Surplus,0.004056392027414287
232,2021-07-21T00:00:00Z,3. Surplus,-0.02143536662070685
233,2021-07-22T00:00:00Z,3. Surplus,-0.0027536714652214526
234,2021-07-23T00:00:00Z,3. Surplus,-0.008127915506423666
235,2021-07-24T00:00:00Z,3. Surplus,-0.006138859424452771
236,2021-07-25T00:00:00Z,3. Surplus,0.000312972399365031
237,2021-07-26T00:00:00Z,3. Surplus,-0.003774093558929169
238,2021-07-27T00:00:00Z,3. Surplus,-0.0032118832017378634
239,2021-07-28T00:00:00Z,3. Surplus,-0.0009219648513111
240,2021-07-29T00:00:00Z,3. Surplus,-0.005318310154913535
241,2021-07-30T00:00:00Z,3. Surplus,-0.004912419320594734
242,2021-07-31T00:00:00Z,3. Surplus,-79.84326043890927
243,2021-08-01T00:00:00Z,3. Surplus,-0.00100138544565356
244,2021-08-02T00:00:00Z,3. Surplus,-33.81995851766066
245,2021-08-03T00:00:00Z,3. Surplus,0.015863514419730877
246,2021-08-04T00:00:00Z,3. Surplus,-0.03349565244998203
247,2021-08-05T00:00:00Z,3. Surplus,-0.014773129552112163
248,2021-08-06T00:00:00Z,3. Surplus,-0.0075700390282082836
249,2021-08-07T00:00:00Z,3. Surplus,-0.03290154315977046
250,2021-08-08T00:00:00Z,3. Surplus,0.01619309078780307
251,2021-08-09T00:00:00Z,3. Surplus,-0.016472291745683723
252,2021-08-10T00:00:00Z,3. Surplus,0.00142852163881714
253,2021-08-11T00:00:00Z,3. Surplus,-0.0029028658735998
254,2021-08-12T00:00:00Z,3. Surplus,0.014025821225311463
255,2021-08-13T00:00:00Z,3. Surplus,-0.029577860491267625
256,2021-08-14T00:00:00Z,3. Surplus,0.005346783167215535
257,2021-08-15T00:00:00Z,3. Surplus,-0.002249737051088118
258,2021-08-16T00:00:00Z,3. Surplus,0.013589929578547537
259,2021-08-17T00:00:00Z,3. Surplus,0.01640919541627098
260,2021-08-18T00:00:00Z,3. Surplus,-0.0012247491076125873
261,2021-08-19T00:00:00Z,3. Surplus,-0.01699136656029804
262,2021-08-20T00:00:00Z,3. Surplus,-333.01169733196696
263,2021-08-21T00:00:00Z,3. Surplus,0.006639649047739971
264,2021-08-22T00:00:00Z,3. Surplus,-0.0017002563526902872
265,2021-08-23T00:00:00Z,3. Surplus,-0.008783206345393257
266,2021-08-24T00:00:00Z,3. Surplus,0.014596344856450342
267,2021-08-25T00:00:00Z,3. Surplus,-0.00408032545971976
268,2021-08-26T00:00:00Z,3. Surplus,0.013359132877008881
269,2021-08-27T00:00:00Z,3. Surplus,-0.017755087424749086
270,2021-08-28T00:00:00Z,3. Surplus,0.0030077385842458945
271,2021-08-29T00:00:00Z,3. Surplus,0.0006535117478734527
272,2021-08-30T00:00:00Z,3. Surplus,-0.0009146128053634709
273,2021-08-31T00:00:00Z,3. Surplus,-0.01658041905021729
274,2021-09-01T00:00:00Z,3. Surplus,-0.03424295911999864
275,2021-09-02T00:00:00Z,3. Surplus,-0.0021715569378951472
276,2021-09-03T00:00:00Z,3. Surplus,-0.006797734114312869
277,2021-09-04T00:00:00Z,3. Surplus,0.0029333267863849836
278,2021-09-05T00:00:00Z,3. Surplus,-0.003442731836813453
279,2021-09-06T00:00:00Z,3. Surplus,0.0012451451155512364
280,2021-09-07T00:00:00Z,3. Surplus,0.041560795454440067
281,2021-09-08T00:00:00Z,3. Surplus,-0.008078186234089806
282,2021-09-09T00:00:00Z,3. Surplus,0.006192138112399578
283,2021-09-10T00:00:00Z,3. Surplus,0.022544284017318242
284,2021-09-11T00:00:00Z,3. Surplus,-0.005078339377497158
285,2021-09-12T00:00:00Z,3. Surplus,-0.015514398267787732
286,2021-09-13T00:00:00Z,3. Surplus,0.011601357287481878
287,2021-09-14T00:00:00Z,3. Surplus,-0.010362593933486389
288,2021-09-15T00:00:00Z,3. Surplus,-0.016328161829070213
289,2021-09-16T00:00:00Z,3. Surplus,0.0018225271234323256
290,2021-09-17T00:00:00Z,3. Surplus,0.0145423050087881
291,2021-09-18T00:00:00Z,3. Surplus,-0.003431424943645269
292,2021-09-19T00:00:00Z,3. Surplus,0.011973363038197337
293,2021-09-20T00:00:00Z,3. Surplus,0.03820976680575067
294,2021-09-21T00:00:00Z,3. Surplus,0.02960524003012758
295,2021-09-22T00:00:00Z,3. Surplus,-0.04131804658397838
296,2021-09-23T00:00:00Z,3. Surplus,-0.007364431695929831
297,2021-09-24T00:00:00Z,3. Surplus,-0.14832374967959502
298,2021-09-25T00:00:00Z,3. Surplus,-0.001019277266513883
299,2021-09-26T00:00:00Z,3. Surplus,-0.007973375915887995
300,2021-09-27T00:00:00Z,3. Surplus,0.007400498689933089
301,2021-09-28T00:00:00Z,3. Surplus,0.011442166668647911
302,2021-09-29T00:00:00Z,3. Surplus,-0.004315968017734094
303,2021-09-30T00:00:00Z,3. Surplus,-0.010956323152208921
304,2021-10-01T00:00:00Z,3. Surplus,-0.018291895146413124
305,2021-10-02T00:00:00Z,3. Surplus,-0.003634711261505456
306,2021-10-03T00:00:00Z,3. Surplus,-0.0017960676801320621
307,2021-10-04T00:00:00Z,3. Surplus,0.0016668152103102999
308,2021-10-05T00:00:00Z,3. Surplus,-0.00672320796011441
309,2021-10-06T00:00:00Z,3. Surplus,-0.003544971399378118
310,2021-10-07T00:00:00Z,3. Surplus,-0.00021027172031857401
311,2021-10-08T00:00:00Z,3. Surplus,0.0011132672773234086
312,2021-10-09T00:00:00Z,3. Surplus,15.034321390030048
313,2021-10-10T00:00:00Z,3. Surplus,0.009471274986350984
314,2021-10-11T00:00:00Z,3. Surplus,-0.0054169521800151
315,2021-10-12T00:00:00Z,3. Surplus,0.001516981534258911
316,2021-10-13T00:00:00Z,3. Surplus,-0.0055002577035612255
317,2021-10-14T00:00:00Z,3. Surplus,-0.008514000960331121
318,2021-10-15T00:00:00Z,3. Surplus,59.993994034803116
319,2021-10-16T00:00:00Z,3. Surplus,0.0013117616060483559
320,2021-10-17T00:00:00Z,3. Surplus,0.0005848526093395565
321,2021-10-18T00:00:00Z,3. Surplus,0.004121943026594142
322,2021-10-19T00:00:00Z,3. Surplus,-0.006025911696824889
323,2021-10-20T00:00:00Z,3. Surplus,-0.011732310901631269
324,2021-10-21T00:00:00Z,3. Surplus,0.0016870765310908055
325,2021-10-22T00:00:00Z,3. Surplus,0.005370495977293722
326,2021-10-23T00:00:00Z,3. Surplus,-0.0070352434875696574
327,2021-10-24T00:00:00Z,3. Surplus,0.002491852560803642
328,2021-10-25T00:00:00Z,3. Surplus,0.021779658414355127
329,2021-10-26T00:00:00Z,3. Surplus,0.004785929796452579
330,2021-10-27T00:00:00Z,3. Surplus,0.009694880848863247
331,2021-10-28T00:00:00Z,3. Surplus,-0.016525165272829816
332,2021-10-29T00:00:00Z,3. Surplus,-0.00800141588641081
333,2021-10-30T00:00:00Z,3. Surplus,0.006047878871354336
334,2021-10-31T00:00:00Z,3. Surplus,0.0005997654339067473
335,2021-11-01T00:00:00Z,3. Surplus,24.998263860007516
336,2021-11-02T00:00:00Z,3. Surplus,-0.010358821946955317
337,2021-11-03T00:00:00Z,3. Surplus,-0.0005641144570107488
338,2021-11-04T00:00:00Z,3. Surplus,0.0025198752339684475
339,2021-11-05T00:00:00Z,3. Surplus,0.0022269418409669
340,2021-11-06T00:00:00Z,3. Surplus,-0.0011480020494128852
341,2021-11-07T00:00:00Z,3. Surplus,-0.005158411741381253
342,2021-11-08T00:00:00Z,3. Surplus,-0.006443448700977953
343,2021-11-09T00:00:00Z,3. Surplus,0.002310857062945873
344,2021-11-10T00:00:00Z,3. Surplus,0.0038388922671495564
345,2021-11-11T00:00:00Z,3. Surplus,-0.0033388969009575
346,2021-11-12T00:00:00Z,3. Surplus,0.0026153735245940998
347,2021-11-13T00:00:00Z,3. Surplus,0.0005082078701669852
348,2021-11-14T00:00:00Z,3. Surplus,0.001498149835929353
349,2021-11-15T00:00:00Z,3. Surplus,5.623308343693462e-05
350,2021-11-16T00:00:00Z,3. Surplus,0.016030156144924722
351,2021-11-17T00:00:00Z,3. Surplus,-0.001751898590014769
352,2021-11-18T00:00:00Z,3. Surplus,0.014550590487664378
353,2021-11-19T00:00:00Z,3. Surplus,0.07959124032897143
354,2021-11-20T00:00:00Z,3. Surplus,-0.014099289884182447
355,2021-11-21T00:00:00Z,3. Surplus,0.02361507245035041
356,2021-11-22T00:00:00Z,3. Surplus,0.0033673211956226786
357,2021-11-23T00:00:00Z,3. Surplus,-0.014843175182878645
358,2021-11-24T00:00:00Z,3. Surplus,-0.0004159850100225838
359,2021-11-25T00:00:00Z,3. Surplus,-0.014157243351281826
360,2021-11-26T00:00:00Z,3. Surplus,0.03440506931658584
361,2021-11-27T00:00:00Z,3. Surplus,2.4412653864542238
362,2021-11-28T00:00:00Z,3. Surplus,-2.462436166461606
363,2021-11-29T00:00:00Z,3. Surplus,-0.010594383893830404
364,2021-11-30T00:00:00Z,3. Surplus,-0.011373629346950805
365,2021-12-01T00:00:00Z,3. Surplus,0.002433381079596433
366,2021-12-02T00:00:00Z,3. Surplus,0.003975956314109937
367,2021-12-03T00:00:00Z,3. Surplus,0.0174513950327708
368,2021-12-04T00:00:00Z,3. Surplus,0.01213331771260594
369,2021-12-05T00:00:00Z,3. Surplus,-0.007380950733034411
370,2021-12-06T00:00:00Z,3. Surplus,-0.01034353753823259
371,2021-12-07T00:00:00Z,3. Surplus,0.002562716868236078
372,2021-12-08T00:00:00Z,3. Surplus,-0.008399490362532158
373,2021-12-09T00:00:00Z,3. Surplus,0.01901951349302862
374,2021-12-10T00:00:00Z,3. Surplus,0.01677764219050674
375,2021-12-11T00:00:00Z,3. Surplus,-0.0121750802405672
376,2021-12-12T00:00:00Z,3. Surplus,-0.004006170672692426
377,2021-12-13T00:00:00Z,3. Surplus,0.027163464244677034
378,2021-12-14T00:00:00Z,3. Surplus,33.82219675770226
379,2021-12-15T00:00:00Z,3. Surplus,-0.013247229255431653
380,2021-12-16T00:00:00Z,3. Surplus,0.0031280707570470676
381,2021-12-17T00:00:00Z,3. Surplus,0.007202910202541095
382,2021-12-18T00:00:00Z,3. Surplus,-0.006643190706284958
383,2021-12-19T00:00:00Z,3. Surplus,0.0026211693160232566
384,2021-12-20T00:00:00Z,3. Surplus,0.0006241011385139852
385,2021-12-21T00:00:00Z,3. Surplus,-0.008556969446942512
386,2021-12-22T00:00:00Z,3. Surplus,0.004467736048696104
387,2021-12-23T00:00:00Z,3. Surplus,-0.009423018804396069
388,2021-12-24T00:00:00Z,3. Surplus,0.003995251044611767
389,2021-12-25T00:00:00Z,3. Surplus,-0.0043137199942721305
390,2021-12-26T00:00:00Z,3. Surplus,0.0021523032779817057
391,2021-12-27T00:00:00Z,3. Surplus,0.0018423682759963161
392,2021-12-28T00:00:00Z,3. Surplus,0.0351553512755709
393,2021-12-29T00:00:00Z,3. Surplus,0.016414257039424552
394,2021-12-30T00:00:00Z,3. Surplus,-0.00820142718401539
395,2021-12-31T00:00:00Z,3. Surplus,0.0021385205245738476
396,2022-01-01T00:00:00Z,3. Surplus,-0.0071157111712406
397,2022-01-02T00:00:00Z,3. Surplus,-0.0059295346525217
398,2022-01-03T00:00:00Z,3. Surplus,0.005959778320906758
399,2022-01-04T00:00:00Z,3. Surplus,-0.002626023002374111
400,2022-01-05T00:00:00Z,3. Surplus,0.022433497663125846
401,2022-01-06T00:00:00Z,3. Surplus,0.015138120080522057
402,2022-01-07T00:00:00Z,3. Surplus,0.027170517266786536
403,2022-01-08T00:00:00Z,3. Surplus,0.011091779758019778
404,2022-01-09T00:00:00Z,3. Surplus,-0.0070207741016803
405,2022-01-10T00:00:00Z,3. Surplus,0.0107766973817018
406,2022-01-11T00:00:00Z,3. Surplus,-0.0219561560707707
407,2022-01-12T00:00:00Z,3. Surplus,-0.015305311472626579
408,2022-01-13T00:00:00Z,3. Surplus,0.014103976159823301
409,2022-01-14T00:00:00Z,3. Surplus,-0.006943076060774511
410,2022-01-15T00:00:00Z,3. Surplus,-0.0024508110961540893
411,2022-01-16T00:00:00Z,3. Surplus,-0.002787092580153442
412,2022-01-17T00:00:00Z,3. Surplus,0.018752221739057107
413,2022-01-18T00:00:00Z,3. Surplus,0.0040823702797979
414,2022-01-19T00:00:00Z,3. Surplus,0.008557195683472294
415,2022-01-20T00:00:00Z,3. Surplus,0.011895947843466141
416,2022-01-21T00:00:00Z,3. Surplus,0.0788230242560945
417,2022-01-22T00:00:00Z,3. Surplus,0.03116668304574318
418,2022-01-23T00:00:00Z,3. Surplus,-0.02961961264393121
419,2022-01-24T00:00:00Z,3. Surplus,0.021705147036334804
420,2022-01-25T00:00:00Z,3. Surplus,-0.002643973507681258
421,2022-01-26T00:00:00Z,3. Surplus,-0.004251211406864217
422,2022-01-27T00:00:00Z,3. Surplus,0.011654661812483227
423,2022-01-28T00:00:00Z,3. Surplus,-0.027385546617531897
424,2022-01-29T00:00:00Z,3. Surplus,-0.009967063673311473
425,2022-01-30T00:00:00Z,3. Surplus,-1.684347129610326
426,2022-01-31T00:00:00Z,3. Surplus,-0.011868001074382442
427,2022-02-01T00:00:00Z,3. Surplus,-0.015943955767770922
428,2022-02-02T00:00:00Z,3. Surplus,0.015855341608361488
429,2022-02-03T00:00:00Z,3. Surplus,0.003123148299777589
430,2022-02-04T00:00:00Z,3. Surplus,-0.04183634357655762
431,2022-02-05T00:00:00Z,3. Surplus,-0.005466905316180859
432,2022-02-06T00:00:00Z,3. Surplus,-0.005207439040098831
433,2022-02-07T00:00:00Z,3. Surplus,-0.009316425830819014
434,2022-02-08T00:00:00Z,3. Surplus,0.0024989743425065
435,2022-02-09T00:00:00Z,3. Surplus,-0.0133985037258366
436,2022-02-10T00:00:00Z,3. Surplus,443.58046981490156
437,2022-02-11T00:00:00Z,3. Surplus,-443.599889401634
438,2022-02-12T00:00:00Z,3. Surplus,0.0025823885212276055
439,2022-02-13T00:00:00Z,3. Surplus,42.3096121370229
440,2022-02-14T00:00:00Z,3. Surplus,0.7553119698540586
441,2022-02-15T00:00:00Z,3. Surplus,1.5784968850888441
442,2022-02-16T00:00:00Z,3. Surplus,-0.5233911633428158
443,2022-02-17T00:00:00Z,3. Surplus,-0.19713716847321064
444,2022-02-18T00:00:00Z,3. Surplus,1.2899206926386666
445,2022-02-19T00:00:00Z,3. Surplus,0.9980195037383426
446,2022-02-20T00:00:00Z,3. Surplus,2.217662439661402
447,2022-02-21T00:00:00Z,3. Surplus,-1.8238196360498011
448,2022-02-22T00:00:00Z,3. Surplus,0.5605835339030952
449,2022-02-23T00:00:00Z,3. Surplus,0.33376859679280707
450,2022-02-24T00:00:00Z,3. Surplus,3.7332812260057593
451,2022-02-25T00:00:00Z,3. Surplus,-1.1207486819431924
452,2022-02-26T00:00:00Z,3. Surplus,-1.7579824896947571
453,2022-02-27T00:00:00Z,3. Surplus,1.7633376586315026
454,2022-02-28T00:00:00Z,3. Surplus,2.314344653447312
455,2022-03-01T00:00:00Z,3. Surplus,-1.23282504656341
456,2022-03-02T00:00:00Z,3. Surplus,3.0816764815918694
457,2022-03-03T00:00:00Z,3. Surplus,-0.6623057622563722
458,2022-03-04T00:00:00Z,3. Surplus,0.12118302724308701
459,2022-03-05T00:00:00Z,3. Surplus,1.4758984648037416
460,2022-03-06T00:00:00Z,3. Surplus,-0.9173841129833142
461,2022-03-07T00:00:00Z,3. Surplus,-0.20323783310681803
462,2022-03-08T00:00:00Z,3. Surplus,-0.1815422029024507
463,2022-03-09T00:00:00Z,3. Surplus,0.8035866149298904
464,2022-03-10T00:00:00Z,3. Surplus,-0.89436203396061
465,2022-03-11T00:00:00Z,3. Surplus,1.0121077385668047
466,2022-03-12T00:00:00Z,3. Surplus,0.29621391191396906
467,2022-03-13T00:00:00Z,3. Surplus,-0.5940741286390887
468,2022-03-14T00:00:00Z,3. Surplus,1.6632560748482301
469,2022-03-15T00:00:00Z,3. Surplus,0.771779558327103
470,2022-03-16T00:00:00Z,3. Surplus,-0.2305846162503084
471,2022-03-17T00:00:00Z,3. Surplus,1.068189909400119
472,2022-03-18T00:00:00Z,3. Surplus,-1.419808411912295
473,2022-03-19T00:00:00Z,3. Surplus,3.5939925208296337
474,2022-03-20T00:00:00Z,3. Surplus,-0.6181977653516336
475,2022-03-21T00:00:00Z,3. Surplus,-0.9058557881904787
476,2022-03-22T00:00:00Z,3. Surplus,1.6642671393041897
477,2022-03-23T00:00:00Z,3. Surplus,1.7826573939515324
478,2022-03-24T00:00:00Z,3. Surplus,2.80478461872517
479,2022-03-25T00:00:00Z,3. Surplus,-0.16318178932402994
480,2022-03-26T00:00:00Z,3. Surplus,1.4202268171563774
481,2022-03-27T00:00:00Z,3. Surplus,0.23605448000178572
482,2022-03-28T00:00:00Z,3. Surplus,1.0045110206977768
483,2022-03-29T00:00:00Z,3. Surplus,1.6582493797151059
484,2022-03-30T00:00:00Z,3. Surplus,8.45901770394774
485,2022-03-31T00:00:00Z,3. Surplus,4.333427227423745
486,2022-04-01T00:00:00Z,3. Surplus,2.7346716010453553
487,2022-04-02T00:00:00Z,3. Surplus,2.060442438214783
488,2022-04-03T00:00:00Z,3. Surplus,0.3779379429647299
489,2022-04-04T00:00:00Z,3. Surplus,-2.6798750196137275
490,2022-04-05T00:00:00Z,3. Surplus,1.3554622781673813
491,2022-04-06T00:00:00Z,3. Surplus,-3.1432464586010345
492,2022-04-07T00:00:00Z,3. Surplus,2.24716293026844
493,2022-04-08T00:00:00Z,3. Surplus,-3.196100362155947
494,2022-04-09T00:00:00Z,3. Surplus,0.8656287294954286
495,2022-04-10T00:00:00Z,3. Surplus,2.8138842104064663
496,2022-04-11T00:00:00Z,3. Surplus,-3.3512788829159037
497,2022-04-12T00:00:00Z,3. Surplus,1.7149845749926784
498,2022-04-13T00:00:00Z,3. Surplus,1.2725216971246003
499,2022-04-14T00:00:00Z,3. Surplus,-0.754837686355711
500,2022-04-15T00:00:00Z,3. Surplus,-135.56212641231258
501,2022-04-16T00:00:00Z,3. Surplus,2.6052722742192063
502,2022-04-17T00:00:00Z,3. Surplus,0.3882768941052889
503,2022-04-18T00:00:00Z,3. Surplus,-0.2568994148000972
504,2022-04-19T00:00:00Z,3. Surplus,6.401211557263647
505,2022-04-20T00:00:00Z,3. Surplus,-1.79359876607125
506,2022-04-21T00:00:00Z,3. Surplus,-0.711788228158714
507,2022-04-22T00:00:00Z,3. Surplus,2.2120508612171705
508,2022-04-23T00:00:00Z,3. Surplus,0.898064646080014
509,2022-04-24T00:00:00Z,3. Surplus,-1.098597760032824
510,2022-04-25T00:00:00Z,3. Surplus,1.8059440853332338
511,2022-04-26T00:00:00Z,3. Surplus,-617.5515317052767
512,2022-04-27T00:00:00Z,3. Surplus,-0.08692410590561606
513,2022-04-28T00:00:00Z,3. Surplus,-59.59670404633804
514,2022-04-29T00:00:00Z,3. Surplus,-0.5936244119850038
515,2022-04-30T00:00:00Z,3. Surplus,-6.474019092449251
516,2022-05-01T00:00:00Z,3. Surplus,2.129262501890811
517,2022-05-02T00:00:00Z,3. Surplus,-0.45654414825218304
518,2022-05-03T00:00:00Z,3. Surplus,-1.2744617205901756
519,2022-05-04T00:00:00Z,3. Surplus,5.814922890760956
520,2022-05-05T00:00:00Z,3. Surplus,-6.7321809971910564
521,2022-05-06T00:00:00Z,3. Surplus,-2.6489756773102773
522,2022-05-07T00:00:00Z,3. Surplus,-2.4745304301815403
523,2022-05-08T00:00:00Z,3. Surplus,-2.1442838488212925
524,2022-05-09T00:00:00Z,3. Surplus,-12.881601562000629
525,2022-05-10T00:00:00Z,3. Surplus,-6.183211413758122
526,2022-05-11T00:00:00Z,3. Surplus,-26.422212782821703
527,2022-05-12T00:00:00Z,3. Surplus,-7.031586405162219
528,2022-05-13T00:00:00Z,3. Surplus,6.779496700923681
529,2022-05-14T00:00:00Z,3. Surplus,6.617198176698747
530,2022-05-15T00:00:00Z,3. Surplus,12.191352927038375
531,2022-05-16T00:00:00Z,3. Surplus,-8.814595689684126
532,2022-05-17T00:00:00Z,3. Surplus,6.129535736513905
533,2022-05-18T00:00:00Z,3. Surplus,-13.52448086531177
534,2022-05-19T00:00:00Z,3. Surplus,6.766312490385322
535,2022-05-20T00:00:00Z,3. Surplus,-240.73118913535035
536,2022-05-21T00:00:00Z,3. Surplus,1.2499469593751358
537,2022-05-22T00:00:00Z,3. Surplus,6.487826384139378
538,2022-05-23T00:00:00Z,3. Surplus,-6.806092529906709
539,2022-05-24T00:00:00Z,3. Surplus,1.231886025252655
540,2022-05-25T00:00:00Z,3. Surplus,-3.293417763499543
541,2022-05-26T00:00:00Z,3. Surplus,-8.887901985447861
542,2022-05-27T00:00:00Z,3. Surplus,-7.12561865172059
543,2022-05-28T00:00:00Z,3. Surplus,8.459797491957982
544,2022-05-29T00:00:00Z,3. Surplus,2.4589786306758734
545,2022-05-30T00:00:00Z,3. Surplus,-96.70190570740392
546,2022-05-31T00:00:00Z,3. Surplus,-4.991416932183584
547,2022-06-01T00:00:00Z,3. Surplus,-78.34624501712155
548,2022-06-02T00:00:00Z,3. Surplus,3.461164276992911
549,2022-06-03T00:00:00Z,3. Surplus,-12.531152668917194
550,2022-06-04T00:00:00Z,3. Surplus,4.6506196289121
551,2022-06-05T00:00:00Z,3. Surplus,0.03328071900370255
552,2022-06-06T00:00:00Z,3. Surplus,14.646197802521435
553,2022-06-07T00:00:00Z,3. Surplus,-9.913373501642274
554,2022-06-08T00:00:00Z,3. Surplus,-4.345869019365227
555,2022-06-09T00:00:00Z,3. Surplus,2.896767461903491
556,2022-06-10T00:00:00Z,3. Surplus,-21.923994239764166
557,2022-06-11T00:00:00Z,3. Surplus,-28.269605991571332
558,2022-06-12T00:00:00Z,3. Surplus,-22.412066890277682
559,2022-06-13T00:00:00Z,3. Surplus,-68.41843759524784
560,2022-06-14T00:00:00Z,3. Surplus,10.612047237155064
561,2022-06-15T00:00:00Z,3. Surplus,16.554401364990625
562,2022-06-16T00:00:00Z,3. Surplus,-63.63882312463226
563,2022-06-17T00:00:00Z,3. Surplus,11.756946113047972
564,2022-06-18T00:00:00Z,3. Surplus,-33.230973180525204
565,2022-06-19T00:00:00Z,3. Surplus,56.66229609407231
566,2022-06-20T00:00:00Z,3. Surplus,7.967095697659852
567,2022-06-21T00:00:00Z,3. Surplus,0.3601083376190628
568,2022-06-22T00:00:00Z,3. Surplus,-30.65683799539156
569,2022-06-23T00:00:00Z,3. Surplus,46.05388563553599
570,2022-06-24T00:00:00Z,3. Surplus,93.26724443705247
571,2022-06-25T00:00:00Z,3. Surplus,1.568853742334149
572,2022-06-26T00:00:00Z,3. Surplus,-15.882155195213079
573,2022-06-27T00:00:00Z,3. Surplus,-4.587747390121047
574,2022-06-28T00:00:00Z,3. Surplus,-146.64798345514382
575,2022-06-29T00:00:00Z,3. Surplus,-83.94675139863679
576,2022-06-30T00:00:00Z,3. Surplus,-28.072361516550572
577,2022-07-01T00:00:00Z,3. Surplus,13.888916061625938
578,2022-07-02T00:00:00Z,3. Surplus,0.526634572336101
579,2022-07-03T00:00:00Z,3. Surplus,3.4335047752415604
580,2022-07-04T00:00:00Z,3. Surplus,-8.449424821674906
581,2022-07-05T00:00:00Z,3. Surplus,-41.475051022159704
582,2022-07-06T00:00:00Z,3. Surplus,33.43066363235305
583,2022-07-07T00:00:00Z,3. Surplus,25.64187305499989
584,2022-07-08T00:00:00Z,3. Surplus,-1.5688929218075454
585,2022-07-09T00:00:00Z,3. Surplus,-6.772467857124103
586,2022-07-10T00:00:00Z,3. Surplus,-25.39033226105372
587,2022-07-11T00:00:00Z,3. Surplus,-44.09912019529288
588,2022-07-12T00:00:00Z,3. Surplus,-33.56689571073442
589,2022-07-13T00:00:00Z,3. Surplus,46.33276861984701
590,2022-07-14T00:00:00Z,3. Surplus,46.50406304627628
591,2022-07-15T00:00:00Z,3. Surplus,45.33270823053874
592,2022-07-16T00:00:00Z,3. Surplus,73.8568213688206
593,2022-07-17T00:00:00Z,3. Surplus,22.11125908068386
594,2022-07-18T00:00:00Z,3. Surplus,102.80880695892097
595,2022-07-19T00:00:00Z,3. Surplus,16.403932529766447
596,2022-07-20T00:00:00Z,3. Surplus,14.115789695792216
597,2022-07-21T00:00:00Z,3. Surplus,41.81876341892764
598,2022-07-22T00:00:00Z,3. Surplus,8.470812019795812
599,2022-07-23T00:00:00Z,3. Surplus,27.627794895739946
600,2022-07-24T00:00:00Z,3. Surplus,43.19040733067688
601,2022-07-25T00:00:00Z,3. Surplus,-24.606122490881667
602,2022-07-26T00:00:00Z,3. Surplus,17.559314638796888
603,2022-07-27T00:00:00Z,3. Surplus,-14.739636672799639
604,2022-07-28T00:00:00Z,3. Surplus,56.781252100536754
605,2022-07-29T00:00:00Z,3. Surplus,27.211396857583747
606,2022-07-30T00:00:00Z,3. Surplus,19.25243024699543
607,2022-07-31T00:00:00Z,3. Surplus,20.14496757525726
608,2022-08-01T00:00:00Z,3. Surplus,10.041839667028507
609,2022-08-02T00:00:00Z,3. Surplus,24.185424803758476
610,2022-08-03T00:00:00Z,3. Surplus,16.513740437564042
611,2022-08-04T00:00:00Z,3. Surplus,24.882248682574314
612,2022-08-05T00:00:00Z,3. Surplus,60.80608459189085
613,2022-08-06T00:00:00Z,3. Surplus,17.41247691380199
614,2022-08-07T00:00:00Z,3. Surplus,29.348468387896865
615,2022-08-08T00:00:00Z,3. Surplus,48.32523347952967
616,2022-08-09T00:00:00Z,3. Surplus,3.854861721263031
617,2022-08-10T00:00:00Z,3. Surplus,65.00386256772619
618,2022-08-11T00:00:00Z,3. Surplus,34.776100262529134
619,2022-08-12T00:00:00Z,3. Surplus,44.79557369483301
620,2022-08-13T00:00:00Z,3. Surplus,35.76260223403951
621,2022-08-14T00:00:00Z,3. Surplus,12.378283116983642
622,2022-08-15T00:00:00Z,3. Surplus,18.286065247849027
623,2022-08-16T00:00:00Z,3. Surplus,18.745324470408107
624,2022-08-17T00:00:00Z,3. Surplus,11.46942927961061
625,2022-08-18T00:00:00Z,3. Surplus,25.22812712179278
626,2022-08-19T00:00:00Z,3. Surplus,-669.3033277356021
627,2022-08-20T00:00:00Z,3. Surplus,-609.8149689173551
628,2022-08-21T00:00:00Z,3. Surplus,41.725253162464455
629,2022-08-22T00:00:00Z,3. Surplus,20.160563251655557
630,2022-08-23T00:00:00Z,3. Surplus,42.348366556423386
631,2022-08-24T00:00:00Z,3. Surplus,21.704548206720546
632,2022-08-25T00:00:00Z,3. Surplus,12054.531515823666
633,2022-08-26T00:00:00Z,3. Surplus,1533.8094509435455
634,2022-08-27T00:00:00Z,3. Surplus,61.102549712699215
635,2022-08-28T00:00:00Z,3. Surplus,501.2209218699478
636,2022-08-29T00:00:00Z,3. Surplus,-886.356057454104
637,2022-08-30T00:00:00Z,3. Surplus,192.6239793588421
638,2022-08-31T00:00:00Z,3. Surplus,-181.4085118025014
639,2022-09-01T00:00:00Z,3. Surplus,-235.01665783888487
640,2022-09-02T00:00:00Z,3. Surplus,97.18188285965486
641,2022-09-03T00:00:00Z,3. Surplus,191.9998669850554
642,2022-09-04T00:00:00Z,3. Surplus,-124.46573251737495
643,2022-09-05T00:00:00Z,3. Surplus,-314.0189957846424
644,2022-09-06T00:00:00Z,3. Surplus,418.5214761075014
645,2022-09-07T00:00:00Z,3. Surplus,-469.1202572422341
646,2022-09-08T00:00:00Z,3. Surplus,-0.8119650618162986
647,2022-09-09T00:00:00Z,3. Surplus,-544.9659539321673
648,2022-09-10T00:00:00Z,3. Surplus,-351.8274290899629
649,2022-09-11T00:00:00Z,3. Surplus,111.44239931820991
650,2022-09-12T00:00:00Z,3. Surplus,370.10489679447744
651,2022-09-13T00:00:00Z,3. Surplus,3283.7610081942194
652,2022-09-14T00:00:00Z,3. Surplus,-460.6765924556847
653,2022-09-15T00:00:00Z,3. Surplus,1553.3738022743723
654,2022-09-16T00:00:00Z,3. Surplus,527.3612767241722
655,2022-09-17T00:00:00Z,3. Surplus,-401.224710216911
656,2022-09-18T00:00:00Z,3. Surplus,1626.7041579870631
657,2022-09-19T00:00:00Z,3. Surplus,-568.2718704714958
658,2022-09-20T00:00:00Z,3. Surplus,730.5332793965608
659,2022-09-21T00:00:00Z,3. Surplus,1051.7579762015241
660,2022-09-22T00:00:00Z,3. Surplus,-1016.1239584618626
661,2022-09-23T00:00:00Z,3. Surplus,-9.007786053397158
662,2022-09-24T00:00:00Z,3. Surplus,199.04150200525135
663,2022-09-25T00:00:00Z,3. Surplus,373.72875654763413
664,2022-09-26T00:00:00Z,3. Surplus,-494.47543348393054
665,2022-09-27T00:00:00Z,3. Surplus,68.66005005177281
666,2022-09-28T00:00:00Z,3. Surplus,-26.590474949959276
667,2022-09-29T00:00:00Z,3. Surplus,-120.98844733093082
668,2022-09-30T00:00:00Z,3. Surplus,124.32354639420987
669,2022-10-01T00:00:00Z,3. Surplus,268.16424251002104
670,2022-10-02T00:00:00Z,3. Surplus,428.6091012774193
671,2022-10-03T00:00:00Z,3. Surplus,-556.6697792586432
672,2022-10-04T00:00:00Z,3. Surplus,-463.1367655438768
673,2022-10-05T00:00:00Z,3. Surplus,40.251597143277266
674,2022-10-06T00:00:00Z,3. Surplus,32.74622305660023
675,2022-10-07T00:00:00Z,3. Surplus,282.2585479015098
676,2022-10-08T00:00:00Z,3. Surplus,240.74803992161242
677,2022-10-09T00:00:00Z,3. Surplus,-33.86435880101554
678,2022-10-10T00:00:00Z,3. Surplus,441.53984098529605
679,2022-10-11T00:00:00Z,3. Surplus,198.32668820051364
680,2022-10-12T00:00:00Z,3. Surplus,-176.99591782016407
681,2022-10-13T00:00:00Z,3. Surplus,70.3615994036196
682,2022-10-14T00:00:00Z,3. Surplus,-104.70025914235013
683,2022-10-15T00:00:00Z,3. Surplus,323.5296416319775
684,2022-10-16T00:00:00Z,3. Surplus,-365.3960188702661
685,2022-10-17T00:00:00Z,3. Surplus,-302.46267222831926
686,2022-10-18T00:00:00Z,3. Surplus,308.3766978754974
687,2022-10-19T00:00:00Z,3. Surplus,399.61961400833826
688,2022-10-20T00:00:00Z,3. Surplus,68.55212036525471
689,2022-10-21T00:00:00Z,3. Surplus,-6164.752824673082
690,2022-10-22T00:00:00Z,3. Surplus,-151.40858046560035
691,2022-10-23T00:00:00Z,3. Surplus,-583.5783774888973
692,2022-10-24T00:00:00Z,3. Surplus,260.521508312717
693,2022-10-25T00:00:00Z,3. Surplus,-1296.6280802690621
694,2022-10-26T00:00:00Z,3. Surplus,-1018.3818880257194
695,2022-10-27T00:00:00Z,3. Surplus,516.566282214723
696,2022-10-28T00:00:00Z,3. Surplus,-334.06997955768037
697,2022-10-29T00:00:00Z,3. Surplus,-536.3528373226738
698,2022-10-30T00:00:00Z,3. Surplus,206.01222598565974
699,2022-10-31T00:00:00Z,3. Surplus,118.05408393402435
700,2022-11-01T00:00:00Z,3. Surplus,-39.503615029263415
701,2022-11-02T00:00:00Z,3. Surplus,544.4270719133057
702,2022-11-03T00:00:00Z,3. Surplus,-98.7258997489906
703,2022-11-04T00:00:00Z,3. Surplus,-1000.5842309231405
704,2022-11-05T00:00:00Z,3. Surplus,177.55789377155926
705,2022-11-06T00:00:00Z,3. Surplus,495.0868200225127
706,2022-11-07T00:00:00Z,3. Surplus,77.68137824962952
707,2022-11-08T00:00:00Z,3. Surplus,2430.3447170469685
708,2022-11-09T00:00:00Z,3. Surplus,3727.6176031061545
709,2022-11-10T00:00:00Z,3. Surplus,-3100.849769735213
710,2022-11-11T00:00:00Z,3. Surplus,140.56534520440925
711,2022-11-12T00:00:00Z,3. Surplus,524.135309793837
712,2022-11-13T00:00:00Z,3. Surplus,496.1066757720403
713,2022-11-14T00:00:00Z,3. Surplus,-202.99894051014863
714,2022-11-15T00:00:00Z,3. Surplus,-67.8219845597215
715,2022-11-16T00:00:00Z,3. Surplus,603.9906889852831
716,2022-11-17T00:00:00Z,3. Surplus,232.7020366487883
717,2022-11-18T00:00:00Z,3. Surplus,-103.3764972842409
718,2022-11-19T00:00:00Z,3. Surplus,-86.75117594328727
719,2022-11-20T00:00:00Z,3. Surplus,1248.4231314169656
720,2022-11-21T00:00:00Z,3. Surplus,625.3954527214268
721,2022-11-22T00:00:00Z,3. Surplus,-439.5164345448898
722,2022-11-23T00:00:00Z,3. Surplus,-742.5430044275
723,2022-11-24T00:00:00Z,3. Surplus,-696.9746470177166
724,2022-11-25T00:00:00Z,3. Surplus,41.3716479826952
725,2022-11-26T00:00:00Z,3. Surplus,-32.68496382976511
726,2022-11-27T00:00:00Z,3. Surplus,198.7408764857251
727,2022-11-28T00:00:00Z,3. Surplus,370.7973698934686
728,2022-11-29T00:00:00Z,3. Surplus,-676.2964667895042
729,2022-11-30T00:00:00Z,3. Surplus,-1066.8977788114003
730,2022-12-01T00:00:00Z,3. Surplus,250.66875354732818
731,2022-12-02T00:00:00Z,3. Surplus,-172.9896160763776
732,2022-12-03T00:00:00Z,3. Surplus,694.1043631723736
733,2022-12-04T00:00:00Z,3. Surplus,-453.35184493268497
734,2022-12-05T00:00:00Z,3. Surplus,276.57512264950583
735,2022-12-06T00:00:00Z,3. Surplus,-105.03333783528713
736,2022-12-07T00:00:00Z,3. Surplus,542.2161606287148
737,2022-12-08T00:00:00Z,3. Surplus,-662.5177022474047
738,2022-12-09T00:00:00Z,3. Surplus,279.706927964136
739,2022-12-10T00:00:00Z,3. Surplus,16.38722141523054
740,2022-12-11T00:00:00Z,3. Surplus,68.97257070555405
741,2022-12-12T00:00:00Z,3. Surplus,-154.56195852998863
742,2022-12-13T00:00:00Z,3. Surplus,-522.7927824280271
743,2022-12-14T00:00:00Z,3. Surplus,169.3038563779157
744,2022-12-15T00:00:00Z,3. Surplus,616.4055249982515
745,2022-12-16T00:00:00Z,3. Surplus,1173.7273473185307
746,2022-12-17T00:00:00Z,3. Surplus,-288.24107009776196
747,2022-12-18T00:00:00Z,3. Surplus,44.852456748179485
748,2022-12-19T00:00:00Z,3. Surplus,190.64163911623416
749,2022-12-20T00:00:00Z,3. Surplus,-700.4595505865359
750,2022-12-21T00:00:00Z,3. Surplus,73.73123173565163
751,2022-12-22T00:00:00Z,3. Surplus,-553.9573103570731
752,2022-12-23T00:00:00Z,3. Surplus,8.329007869528208
753,2022-12-24T00:00:00Z,3. Surplus,4.6159658182652485
754,2022-12-25T00:00:00Z,3. Surplus,75.89954877236914
755,2022-12-26T00:00:00Z,3. Surplus,-72.57508599762363
756,2022-12-27T00:00:00Z,3. Surplus,227.54437301091914
757,2022-12-28T00:00:00Z,3. Surplus,340.3115028186744
758,2022-12-29T00:00:00Z,3. Surplus,-149.4539908142945
759,2022-12-30T00:00:00Z,3. Surplus,67.02420156405242
760,2022-12-31T00:00:00Z,3. Surplus,69.09325970591794
761,2023-01-01T00:00:00Z,3. Surplus,-65.39087864894044
762,2023-01-02T00:00:00Z,3. Surplus,-275.08647006262686
763,2023-01-03T00:00:00Z,3. Surplus,41.39081573707699
764,2023-01-04T00:00:00Z,3. Surplus,-537.7768809503764
765,2023-01-05T00:00:00Z,3. Surplus,91.92541391800032
766,2023-01-06T00:00:00Z,3. Surplus,-191.90502378238727
767,2023-01-07T00:00:00Z,3. Surplus,87.38911765232723
768,2023-01-08T00:00:00Z,3. Surplus,-207.6726053216025
769,2023-01-09T00:00:00Z,3. Surplus,-366.9088212531019
770,2023-01-10T00:00:00Z,3. Surplus,-144.32126788887723
771,2023-01-11T00:00:00Z,3. Surplus,-494.94846018584286
772,2023-01-12T00:00:00Z,3. Surplus,-288.2065606692828
773,2023-01-13T00:00:00Z,3. Surplus,-242.22607797756018
774,2023-01-14T00:00:00Z,3. Surplus,-827.0250484703563
775,2023-01-15T00:00:00Z,3. Surplus,29.100736911664285
776,2023-01-16T00:00:00Z,3. Surplus,-213.4989919430082
777,2023-01-17T00:00:00Z,3. Surplus,133.26719970396556
778,2023-01-18T00:00:00Z,3. Surplus,397.52236986294645
779,2023-01-19T00:00:00Z,3. Surplus,-312.19228425081013
780,2023-01-20T00:00:00Z,3. Surplus,-756.4743471677697
781,2023-01-21T00:00:00Z,3. Surplus,262.7547948065086
782,2023-01-22T00:00:00Z,3. Surplus,4.005280876184601
783,2023-01-23T00:00:00Z,3. Surplus,13.080715603342128
784,2023-01-24T00:00:00Z,3. Surplus,566.7637820514187
785,2023-01-25T00:00:00Z,3. Surplus,-390.9787319869152
786,2023-01-26T00:00:00Z,3. Surplus,-498.0853312170767
787,2023-01-27T00:00:00Z,3. Surplus,76.32676806409987
788,2023-01-28T00:00:00Z,3. Surplus,248.06734348868167
789,2023-01-29T00:00:00Z,3. Surplus,-489.20142383864084
790,2023-01-30T00:00:00Z,3. Surplus,590.3338395070832
791,2023-01-31T00:00:00Z,3. Surplus,-111.51549583113763
792,2023-02-01T00:00:00Z,3. Surplus,-335.19871095958285
793,2023-02-02T00:00:00Z,3. Surplus,-92.52357588166761
794,2023-02-03T00:00:00Z,3. Surplus,-43.48221537836649
795,2023-02-04T00:00:00Z,3. Surplus,2.7671355280745575
796,2023-02-05T00:00:00Z,3. Surplus,265.9673632445468
797,2023-02-06T00:00:00Z,3. Surplus,103.73453346512991
798,2023-02-07T00:00:00Z,3. Surplus,-339.0815632171765
799,2023-02-08T00:00:00Z,3. Surplus,167.35085826365594
800,2023-02-09T00:00:00Z,3. Surplus,732.82925633556
801,2023-02-10T00:00:00Z,3. Surplus,228.3056444316446
802,2023-02-11T00:00:00Z,3. Surplus,-113.41390401450292
803,2023-02-12T00:00:00Z,3. Surplus,222.58259793108445
804,2023-02-13T00:00:00Z,3. Surplus,90.58169078001833
805,2023-02-14T00:00:00Z,3. Surplus,-351.70254866820915
806,2023-02-15T00:00:00Z,3. Surplus,-775.6292371867216
807,2023-02-16T00:00:00Z,3. Surplus,168.73342755164276
808,2023-02-17T00:00:00Z,3. Surplus,-311.50619377747574
809,2023-02-18T00:00:00Z,3. Surplus,76.40277868727497
810,2023-02-19T00:00:00Z,3. Surplus,117.68723273204473
811,2023-02-20T00:00:00Z,3. Surplus,-200.13524841208869
812,2023-02-21T00:00:00Z,3. Surplus,340.04380435164126
813,2023-02-22T00:00:00Z,3. Surplus,149.61790416094854
814,2023-02-23T00:00:00Z,3. Surplus,-200.17292803839243
815,2023-02-24T00:00:00Z,3. Surplus,142.33015975148356
816,2023-02-25T00:00:00Z,3. Surplus,137.8801416296398
817,2023-02-26T00:00:00Z,3. Surplus,-269.1730566759835
818,2023-02-27T00:00:00Z,3. Surplus,66.02791985941221
819,2023-02-28T00:00:00Z,3. Surplus,202.7231228874842
820,2023-03-01T00:00:00Z,3. Surplus,-356.16730429304624
821,2023-03-02T00:00:00Z,3. Surplus,73.8289442566828
822,2023-03-03T00:00:00Z,3. Surplus,560.560703818288
823,2023-03-04T00:00:00Z,3. Surplus,48.036561028726275
824,2023-03-05T00:00:00Z,3. Surplus,62.20197632508473
825,2023-03-06T00:00:00Z,3. Surplus,-19.16442710511249
826,2023-03-07T00:00:00Z,3. Surplus,95.10129141042297
827,2023-03-08T00:00:00Z,3. Surplus,192.69775337787559
828,2023-03-09T00:00:00Z,3. Surplus,582.5254432764538
829,2023-03-10T00:00:00Z,3. Surplus,105.60133810829392
830,2023-03-11T00:00:00Z,3. Surplus,-663.6169908751558
831,2023-03-12T00:00:00Z,3. Surplus,-438.7689195979784
832,2023-03-13T00:00:00Z,3. Surplus,-466.9592615839617
833,2023-03-14T00:00:00Z,3. Surplus,-146.16108350816472
834,2023-03-15T00:00:00Z,3. Surplus,363.2966322264747
835,2023-03-16T00:00:00Z,3. Surplus,-99.51944933495025
836,2023-03-17T00:00:00Z,3. Surplus,-591.6124149405512
837,2023-03-18T00:00:00Z,3. Surplus,173.4412737776704
838,2023-03-19T00:00:00Z,3. Surplus,-172.16031571962395
839,2023-03-20T00:00:00Z,3. Surplus,158.34001797039494
840,2023-03-21T00:00:00Z,3. Surplus,-284.9895880788443
841,2023-03-22T00:00:00Z,3. Surplus,371.0741774561641
842,2023-03-23T00:00:00Z,3. Surplus,-603.6656499038713
843,2023-03-24T00:00:00Z,3. Surplus,344.1915938561301
844,2023-03-25T00:00:00Z,3. Surplus,56.84828512154255
845,2023-03-26T00:00:00Z,3. Surplus,-123.10712044015595
846,2023-03-27T00:00:00Z,3. Surplus,348.1727708697222
847,2023-03-28T00:00:00Z,3. Surplus,-239.2964602679116
848,2023-03-29T00:00:00Z,3. Surplus,-185.25324186331935
849,2023-03-30T00:00:00Z,3. Surplus,7.798181190562858
850,2023-03-31T00:00:00Z,3. Surplus,-158.7617654775799
851,2023-04-01T00:00:00Z,3. Surplus,38.36993772218465
852,2023-04-02T00:00:00Z,3. Surplus,94.5820581079942
853,2023-04-03T00:00:00Z,3. Surplus,-26.510260235831637
854,2023-04-04T00:00:00Z,3. Surplus,-216.04377961236585
855,2023-04-05T00:00:00Z,3. Surplus,-152.05923122627158
856,2023-04-06T00:00:00Z,3. Surplus,203.45151121096515
857,2023-04-07T00:00:00Z,3. Surplus,49.835186788628455
858,2023-04-08T00:00:00Z,3. Surplus,98.51889429415714
859,2023-04-09T00:00:00Z,3. Surplus,44.988676641902366
860,2023-04-10T00:00:00Z,3. Surplus,-208.87197969035375
